country,population,naive_rmse,medida_rmse,improvement
Italy,59037472.0,0.0028001267371923835,0.0005533244191845628,5.0605515319908445
Sweden,10549349.0,0.00329956970613048,0.0011889742213496508,2.7751398195875185
India,1417173120.0,0.001095078652194971,0.0001963198458500077,5.5780333743315635
